consumer,mode,clients,protocol,qos,scenario,transport,repetition,status,error,started_clients,startup_ns,connected_rss_bytes,connected_virtual_bytes,connected_threads,connected_cpu_seconds,idle_rss_bytes,idle_virtual_bytes,idle_threads,idle_cpu_seconds,after_teardown_rss_bytes,after_teardown_virtual_bytes,after_teardown_threads,after_teardown_cpu_seconds,elapsed_ns,teardown_ns,admission_ns_samples,admission_ns_p50_ns,admission_ns_p95_ns,admission_ns_p99_ns,admission_ns_max_ns,admission_ns_observations_per_second,completion_ns_samples,completion_ns_p50_ns,completion_ns_p95_ns,completion_ns_p99_ns,completion_ns_max_ns,completion_ns_observations_per_second,event_ns_samples,event_ns_p50_ns,event_ns_p95_ns,event_ns_p99_ns,event_ns_max_ns,event_ns_observations_per_second,loop_delay_ns_samples,loop_delay_ns_p50_ns,loop_delay_ns_p95_ns,loop_delay_ns_p99_ns,loop_delay_ns_max_ns
c,dedicated,1,1,1,hotspot,tcp,0,passed,,1,2074754,6189056,81489920,2,0.0,6189056,81489920,2,0.0,6443008,156991488,1,4.63,2341272594,207739,3,46532,46532,46532,442263,1.2813544256606968,3,194063584,194063584,194063584,2002972851,1.2813544256606968,,,,,,0.0,,,,,
c,dedicated,1,1,1,hotspot,tcp,1,passed,,1,1424755,6189056,81489920,2,0.0,6189056,81489920,2,0.0,6443008,156991488,1,0.29000000000000004,153217113,66762,3,27691,27691,27691,64557,19.58005826672899,3,40340455,40340455,40340455,105551306,19.58005826672899,,,,,,0.0,,,,,
c,dedicated,1,1,1,hotspot,tcp,2,passed,,1,1957803,6193152,81489920,2,0.0,6193152,81489920,2,0.0,6443008,156991488,1,0.09,49499001,102502,3,8440,8440,8440,21360,60.60728377124217,3,12112732,12112732,12112732,31760761,60.60728377124217,,,,,,0.0,,,,,
c,dedicated,1,1,1,hotspot,tcp,3,passed,,1,1624227,6213632,81489920,2,0.0,6213632,81489920,2,0.0,6467584,156991488,1,4.09,2063151973,247542,3,27814,27814,27814,43427,1.4540858062131712,3,4697366,4697366,4697366,2055775914,1.4540858062131712,,,,,,0.0,,,,,
c,dedicated,1,1,1,hotspot,tcp,4,passed,,1,1593210,6205440,81489920,2,0.0,6205440,81489920,2,0.0,6455296,156991488,1,0.01,10183819,49566,3,19687,19687,19687,117133,294.5849685663109,3,2633343,2633343,2633343,6164957,294.5849685663109,,,,,,0.0,,,,,
c,dedicated,1,1,1,hotspot,tcp,5,passed,,1,1518753,6160384,81489920,2,0.0,6160384,81489920,2,0.0,6414336,156991488,1,8.46,4268838237,289369,3,16362,16362,16362,32983,0.7027673182829017,3,1023062306,1023062306,1023062306,3239716564,0.7027673182829017,,,,,,0.0,,,,,
c,dedicated,1,1,1,hotspot,tcp,6,passed,,1,1689717,6201344,81489920,2,0.0,6201344,81489920,2,0.0,6455296,156991488,1,3.5700000000000003,1804244561,280259,3,188595,188595,188595,194687,1.6627457634331204,3,838125505,838125505,838125505,960099979,1.6627457634331204,,,,,,0.0,,,,,
c,dedicated,1,2,1,hotspot,tcp,0,passed,,1,1735094,6418432,81629184,2,0.0,6418432,81629184,2,0.0,6696960,157130752,1,11.78,5924090971,236708,3,19559,19559,19559,21263,0.5064068081813391,3,945030627,945030627,945030627,4945978236,0.5064068081813391,,,,,,0.0,,,,,
c,dedicated,1,2,1,hotspot,tcp,1,failed,consumer exited before its next barrier,1,1722816,6381568,81629184,2,0.0,6381568,81629184,2,0.0,,,,,,,,,,,,,,,,,,,,,,,,,,,,,
c,dedicated,1,2,1,hotspot,tcp,2,passed,,1,1502582,6410240,81629184,2,0.0,6410240,81629184,2,0.0,6688768,157130752,1,0.54,277429063,250347,3,9068,9068,9068,20305,10.813575072342006,3,82513535,82513535,82513535,180487936,10.813575072342006,,,,,,0.0,,,,,
c,dedicated,1,2,1,hotspot,tcp,3,passed,,1,1536839,6373376,81629184,2,0.0,6373376,81629184,2,0.0,6651904,157130752,1,2.56,1299665797,267423,3,32173,32173,32173,131773,2.308285720009603,3,6444231,6444231,6444231,1290369553,2.308285720009603,,,,,,0.0,,,,,
c,dedicated,1,2,1,hotspot,tcp,4,passed,,1,1721059,6406144,81629184,2,0.0,6406144,81629184,2,0.0,6684672,157130752,1,0.63,324931348,160207,3,6861,6861,6861,22735,9.232719522032697,3,102003441,102003441,102003441,205157522,9.232719522032697,,,,,,0.0,,,,,
c,dedicated,1,2,1,hotspot,tcp,5,passed,,1,1664567,6418432,81629184,2,0.0,6418432,81629184,2,0.0,6696960,157130752,1,11.950000000000001,6006117925,335293,3,9418,9418,9418,20679,0.4994906922344519,3,1009049856,1009049856,1009049856,4931164998,0.4994906922344519,,,,,,0.0,,,,,
c,dedicated,1,2,1,hotspot,tcp,6,passed,,1,1581739,6414336,81629184,2,0.0,6414336,81629184,2,0.0,6692864,157130752,1,0.06999999999999999,41775195,114026,3,26767,26767,26767,30215,71.8129502447565,3,14276962,14276962,14276962,24101767,71.8129502447565,,,,,,0.0,,,,,
c,dedicated,10,1,1,hotspot,tcp,0,passed,,10,13850216,7393280,704802816,11,0.0,7393280,704802816,11,0.0,7573504,780304384,1,0.13,69864256,1095436,30,2543,4563,21542,137846,429.4041290584988,30,13216456,52975911,52977803,52978850,429.4041290584988,,,,,,0.0,,,,,
c,dedicated,10,1,1,hotspot,tcp,1,passed,,10,13357859,7393280,704802816,11,0.0,7393280,704802816,11,0.0,7573504,780304384,1,1.44,730404825,1249524,30,2376,4893,15464,93340,41.073113119152794,30,26755549,687971295,687974430,688065380,41.073113119152794,,,,,,0.0,,,,,
c,dedicated,10,1,1,hotspot,tcp,2,passed,,10,13311280,7356416,704802816,11,0.0,7356416,704802816,11,0.0,7536640,780304384,1,0.71,361898895,2201141,30,2928,9425,26563,26805,82.89608068573959,30,48246662,308073861,308074330,308075047,82.89608068573959,,,,,,0.0,,,,,
c,dedicated,10,1,1,hotspot,tcp,3,passed,,10,12882483,7380992,704802816,11,0.0,7380992,704802816,11,0.0,7561216,780304384,1,0.77,391251013,1120452,30,3211,7698,9176,18265,76.6771177663379,30,28486158,357491365,357493235,357496185,76.6771177663379,,,,,,0.0,,,,,
c,dedicated,10,1,1,hotspot,tcp,4,passed,,10,13348751,7352320,704802816,11,0.0,7352320,704802816,11,0.0,7528448,780304384,1,0.060000000000000005,36027408,1256901,30,2597,4393,13813,18869,832.6993715451304,30,15792519,16040502,16044703,16061147,832.6993715451304,,,,,,0.0,,,,,
c,dedicated,10,1,1,hotspot,tcp,5,failed,consumer exited before its next barrier,10,15661849,7405568,704802816,11,0.0,7405568,704802816,11,0.0,,,,,,,,,,,,,,,,,,,,,,,,,,,,,
c,dedicated,10,1,1,hotspot,tcp,6,passed,,10,13315918,7368704,704802816,11,0.0,7368704,704802816,11,0.0,7544832,780304384,1,0.08,42044830,1119094,30,2315,18743,34864,66075,713.5241122392456,30,6727163,28774681,28778605,28795216,713.5241122392456,,,,,,0.0,,,,,
c,dedicated,10,2,1,hotspot,tcp,0,failed,consumer exited before its next barrier,10,13755428,7958528,705384448,11,0.0,7958528,705384448,11,0.0,,,,,,,,,,,,,,,,,,,,,,,,,,,,,
c,dedicated,10,2,1,hotspot,tcp,1,failed,consumer exited before its next barrier,10,13418703,7933952,705384448,11,0.0,7933952,705384448,11,0.0,,,,,,,,,,,,,,,,,,,,,,,,,,,,,
c,dedicated,10,2,1,hotspot,tcp,2,passed,,10,14587905,7933952,705384448,11,0.0,7933952,705384448,11,0.0,8073216,780886016,1,0.88,445926576,1541153,30,2704,3487,3679,18153,67.2756494333722,30,42063776,397161109,397163962,397179401,67.2756494333722,,,,,,0.0,,,,,
c,dedicated,10,2,1,hotspot,tcp,3,passed,,10,13371469,7974912,705384448,11,0.0,7974912,705384448,11,0.0,8114176,780886016,1,3.8200000000000003,1921638023,1412936,30,4164,16717,19121,27563,15.611681097548724,30,740303235,1038001942,1038005522,1038011611,15.611681097548724,,,,,,0.0,,,,,
c,dedicated,10,2,1,hotspot,tcp,4,failed,consumer exited before its next barrier,10,14330494,7974912,705384448,11,0.0,7974912,705384448,11,0.0,,,,,,,,,,,,,,,,,,,,,,,,,,,,,
c,dedicated,10,2,1,hotspot,tcp,5,passed,,10,13821310,7950336,705384448,11,0.0,7950336,705384448,11,0.0,8089600,780886016,1,0.53,268319355,1309913,30,4246,9532,9552,22894,111.80706662029655,30,24900595,218745019,218745865,218747935,111.80706662029655,,,,,,0.0,,,,,
c,dedicated,10,2,1,hotspot,tcp,6,passed,,10,14293228,7974912,705384448,11,0.0,7974912,705384448,11,0.0,8110080,780886016,1,0.04,23416721,1678150,30,2441,8649,15054,18283,1281.1358174357545,30,5136722,13828685,13829197,13830283,1281.1358174357545,,,,,,0.0,,,,,
c,dedicated,100,1,1,hotspot,tcp,0,passed,,100,151637583,18976768,1233690624,101,0.02,18976768,1233690624,101,0.02,16162816,1063624704,1,0.13,46955392,10207779,300,3211,7869,34662,349345,6389.04260452133,300,3951182,40506240,40531991,40883841,6389.04260452133,,,,,,0.0,,,,,
c,dedicated,100,1,1,hotspot,tcp,1,passed,,100,160394071,19017728,1233690624,101,0.01,19017728,1233690624,101,0.01,15962112,1063624704,1,0.13,51018563,7648762,300,2813,7313,22385,95255,5880.212659066858,300,6458264,40567209,40595271,40619854,5880.212659066858,,,,,,0.0,,,,,
c,dedicated,100,1,1,hotspot,tcp,2,passed,,100,147189895,19005440,1233690624,101,0.01,19005440,1233690624,101,0.01,16007168,1063624704,1,4.79,2399527922,9547615,300,5073,15006,24434,53574,125.0245922331051,300,320251780,2036892079,2036932499,2036953078,125.0245922331051,,,,,,0.0,,,,,
c,dedicated,100,1,1,hotspot,tcp,3,passed,,100,159545851,19025920,1233690624,101,0.01,19025920,1233690624,101,0.01,16392192,1063624704,1,0.62,297335702,8513794,300,3998,9065,17234,59113,1008.9605721145455,300,23975407,268004630,268033354,268039159,1008.9605721145455,,,,,,0.0,,,,,
c,dedicated,100,1,1,hotspot,tcp,4,passed,,100,160927036,19009536,1233690624,101,0.02,19009536,1233690624,101,0.02,15958016,1063624704,1,3.1999999999999997,1592578742,10289760,300,3776,9564,17153,24674,188.3737312876929,300,27002133,1546422462,1546456373,1546473178,188.3737312876929,,,,,,0.0,,,,,
c,dedicated,100,1,1,hotspot,tcp,5,passed,,100,153604092,19034112,1233690624,101,0.01,19034112,1233690624,101,0.01,16220160,1063624704,1,0.22,96636552,7832279,300,4012,16809,34767,54115,3104.415397602348,300,22401842,68789867,68846733,68861256,3104.415397602348,,,,,,0.0,,,,,
c,dedicated,100,1,1,hotspot,tcp,6,passed,,100,147771477,19009536,1233690624,101,0.01,19009536,1233690624,101,0.01,16437248,1063624704,1,6.3999999999999995,3212874061,8444675,300,4399,11382,51214,96406,93.3743415721143,300,24191868,3174514266,3174533435,3174537186,93.3743415721143,,,,,,0.0,,,,,
c,dedicated,100,2,1,hotspot,tcp,0,failed,consumer exited before its next barrier,100,162565459,22622208,1239187456,101,0.02,22622208,1239187456,101,0.02,,,,,,,,,,,,,,,,,,,,,,,,,,,,,
c,dedicated,100,2,1,hotspot,tcp,1,passed,,100,155688902,22654976,1239142400,101,0.01,22654976,1239142400,101,0.01,19902464,1069211648,1,2.43,1200771877,10115304,300,4827,11347,33995,114740,249.83929566165213,300,354717970,801768772,801818487,801826595,249.83929566165213,,,,,,0.0,,,,,
c,dedicated,100,2,1,hotspot,tcp,2,failed,consumer exited before its next barrier,100,153423817,22646784,1239187456,101,0.01,22646784,1239187456,101,0.01,,,,,,,,,,,,,,,,,,,,,,,,,,,,,
c,dedicated,100,2,1,hotspot,tcp,3,passed,,100,161986542,22634496,1239187456,101,0.02,22634496,1239187456,101,0.02,19898368,1069248512,1,6.74,3370574488,11371967,300,4555,10208,20090,57599,89.00559862067051,300,1448974616,1686166775,1686206253,1686235004,89.00559862067051,,,,,,0.0,,,,,
c,dedicated,100,2,1,hotspot,tcp,4,passed,,100,154604270,22589440,1239240704,101,0.02,22589440,1239240704,101,0.02,19841024,1069174784,1,0.34,152861539,10091353,300,4078,14547,23181,60592,1962.5603795602242,300,46347375,60657988,60704180,60720384,1962.5603795602242,,,,,,0.0,,,,,
c,dedicated,100,2,1,hotspot,tcp,5,failed,consumer exited before its next barrier,100,154135180,22634496,1239187456,101,0.02,22634496,1239187456,101,0.02,,,,,,,,,,,,,,,,,,,,,,,,,,,,,
c,dedicated,100,2,1,hotspot,tcp,6,passed,,100,151353656,22626304,1239142400,101,0.01,22626304,1239142400,101,0.01,19857408,1069211648,1,0.27,116625431,9930613,300,3277,11009,18128,76827,2572.3377605352644,300,40296579,75094585,75107345,75109926,2572.3377605352644,,,,,,0.0,,,,,
c,dedicated,1000,1,1,hotspot,tcp,0,passed,,1000,1353216295,134967296,3167105024,1001,0.22,134967296,3167105024,1001,0.22,86765568,1107935232,1,0.65,100995310,67153225,3000,4723,9414,15869,39441,29704.349637621788,3000,24750132,46296307,46779761,46912603,29704.349637621788,,,,,,0.0,,,,,
c,dedicated,1000,1,1,hotspot,tcp,1,passed,,1000,1310187467,134922240,3167105024,1001,0.2,134922240,3167105024,1001,0.2,79941632,1107943424,1,0.67,134584296,71849834,3000,3886,8224,13623,46312,22290.862226600344,3000,38714421,71521133,72072687,72167588,22290.862226600344,,,,,,0.0,,,,,
c,dedicated,1000,1,1,hotspot,tcp,2,passed,,1000,1352276137,134942720,3167105024,1001,0.24,134942720,3167105024,1001,0.24,86745088,1107943424,1,0.8,178827179,74358415,3000,4165,7297,12447,81193,16775.973410618975,3000,66819132,86889110,87358204,87496595,16775.973410618975,,,,,,0.0,,,,,
c,dedicated,1000,1,1,hotspot,tcp,3,passed,,1000,1320002790,134971392,3167166464,1001,0.2,134971392,3167166464,1001,0.2,86700032,1107869696,1,0.9299999999999999,267138086,66045642,3000,4001,7839,12230,72670,11230.147093290172,3000,39103210,208301083,208818780,208953721,11230.147093290172,,,,,,0.0,,,,,
c,dedicated,1000,1,1,hotspot,tcp,4,passed,,1000,1310174932,134955008,3167162368,1001,0.19,134955008,3167162368,1001,0.19,103612416,1107865600,1,0.94,268999346,65663150,3000,4606,9376,15801,63468,11152.443470996393,3000,104812284,137593845,138347249,138542433,11152.443470996393,,,,,,0.0,,,,,
c,dedicated,1000,1,1,hotspot,tcp,5,passed,,1000,1380870938,134987776,3167105024,1001,0.24,134987776,3167105024,1001,0.24,86781952,1107935232,1,5.16,2396621695,72000778,3000,4165,7142,10888,1747103,1251.7620141129532,3000,630484994,1686905166,1687380126,1687575198,1251.7620141129532,,,,,,0.0,,,,,
c,dedicated,1000,1,1,hotspot,tcp,6,passed,,1000,1351850715,134881280,3167105024,1001,0.23,134881280,3167105024,1001,0.23,83300352,1107931136,1,1.8,689748166,82366702,3000,4079,7368,11715,58555,4349.4135220360995,3000,200699645,457665043,458175063,458325568,4349.4135220360995,,,,,,0.0,,,,,
c,dedicated,1000,2,1,hotspot,tcp,0,failed,consumer exited before its next barrier,1000,1324244888,169238528,3221975040,1001,0.22,169238528,3221975040,1001,0.22,,,,,,,,,,,,,,,,,,,,,,,,,,,,,
c,dedicated,1000,2,1,hotspot,tcp,1,passed,,1000,1393852955,169259008,3221975040,1001,0.26,169259008,3221975040,1001,0.26,134844416,1162571776,1,4.42,1960102946,83220843,3000,5212,11858,18411,92106,1530.5318560548708,3000,137279421,1709269625,1710289843,1710543015,1530.5318560548708,,,,,,0.0,,,,,
c,dedicated,1000,2,1,hotspot,tcp,2,passed,,1000,1408877708,169246720,3221975040,1001,0.30000000000000004,169246720,3221975040,1001,0.30000000000000004,134828032,1162563584,1,12.32,5975828057,72815305,3000,4951,8256,12938,203479,502.02247644756824,3000,1740974560,3862777994,3863510001,3863668930,502.02247644756824,,,,,,0.0,,,,,
c,dedicated,1000,2,1,hotspot,tcp,3,passed,,1000,1331547977,169238528,3221975040,1001,0.21000000000000002,169238528,3221975040,1001,0.21000000000000002,135356416,1163055104,1,6.78,3211245081,76437744,3000,4515,7178,11263,175633,934.2170791479369,3000,11180539,3185160698,3185689240,3185854547,934.2170791479369,,,,,,0.0,,,,,
c,dedicated,1000,2,1,hotspot,tcp,4,passed,,1000,1335307335,169279488,3221975040,1001,0.21000000000000002,169279488,3221975040,1001,0.21000000000000002,135188480,1162956800,1,1.95,762513415,73601367,3000,4674,8641,13921,108177,3934.357010623872,3000,44569413,692384346,693016051,693161107,3934.357010623872,,,,,,0.0,,,,,
c,dedicated,1000,2,1,hotspot,tcp,5,passed,,1000,1340980517,169263104,3221975040,1001,0.22,169263104,3221975040,1001,0.22,135319552,1163055104,1,3.27,1420757793,81212744,3000,4647,8976,16400,55117,2111.549213230323,3000,587221873,624937848,625630531,625755996,2111.549213230323,,,,,,0.0,,,,,
c,dedicated,1000,2,1,hotspot,tcp,6,passed,,1000,1345421769,169271296,3221975040,1001,0.22999999999999998,169271296,3221975040,1001,0.22999999999999998,134877184,1162563584,1,9.69,4663815931,74795042,3000,4871,10917,18125,73279,643.2500862779012,3000,213324693,4231527221,4232414821,4232608507,643.2500862779012,,,,,,0.0,,,,,
c,shards,1,1,1,hotspot,tcp,0,passed,,1,1331985,6287360,150700032,3,0.0,6287360,150700032,3,0.0,6475776,226201600,1,3.0,1521558618,114872,3,10639,10639,10639,16038,1.9716624548736248,3,334220950,334220950,334220950,912198485,1.9716624548736248,,,,,,0.0,,,,,
c,shards,1,1,1,hotspot,tcp,1,passed,,1,1476268,6279168,150700032,3,0.0,6279168,150700032,3,0.0,6348800,159092736,1,0.0,155194,74960,3,5982,5982,5982,14108,19330.64422593657,3,23636,23636,23636,107260,19330.64422593657,,,,,,0.0,,,,,
c,shards,1,1,1,hotspot,tcp,2,passed,,1,1417861,6279168,150700032,3,0.0,6279168,150700032,3,0.0,6463488,226201600,1,0.02,16670638,137460,3,83401,83401,83401,99450,179.95711981748988,3,5907360,5907360,5907360,7852347,179.95711981748988,,,,,,0.0,,,,,
c,shards,1,1,1,hotspot,tcp,3,passed,,1,1354385,6295552,150700032,3,0.0,6295552,150700032,3,0.0,6479872,226201600,1,0.04,27175865,95789,3,5850,5850,5850,14970,110.392070316805,3,4885646,4885646,4885646,17753752,110.392070316805,,,,,,0.0,,,,,
c,shards,1,1,1,hotspot,tcp,4,passed,,1,1423088,6266880,150700032,3,0.0,6266880,150700032,3,0.0,6451200,226201600,1,0.03,20225487,108354,3,13453,13453,13453,74902,148.32770157771725,3,7724537,7724537,7724537,9734752,148.32770157771725,,,,,,0.0,,,,,
c,shards,1,1,1,hotspot,tcp,5,passed,,1,1438086,6291456,150700032,3,0.0,6291456,150700032,3,0.0,6475776,226201600,1,0.02,12209387,95326,3,9715,9715,9715,17012,245.71258163902905,3,4178902,4178902,4178902,7543618,245.71258163902905,,,,,,0.0,,,,,
c,shards,1,1,1,hotspot,tcp,6,passed,,1,1390389,6287360,150700032,3,0.0,6287360,150700032,3,0.0,6475776,226201600,1,3.96,2005122276,227111,3,14526,14526,14526,175335,1.496168107006757,3,15188120,15188120,15188120,1982424734,1.496168107006757,,,,,,0.0,,,,,
c,shards,1,2,1,hotspot,tcp,0,passed,,1,1406418,6467584,150835200,3,0.0,6467584,150835200,3,0.0,6680576,226336768,1,11.43,5770846519,239378,3,13340,13340,13340,16073,0.5198544078624802,3,2830235254,2830235254,2830235254,2927780175,0.5198544078624802,,,,,,0.0,,,,,
c,shards,1,2,1,hotspot,tcp,1,failed,consumer exited before its next barrier,1,1455795,6492160,150835200,3,0.0,6492160,150835200,3,0.0,,,,,,,,,,,,,,,,,,,,,,,,,,,,,
c,shards,1,2,1,hotspot,tcp,2,passed,,1,1496884,6512640,150835200,3,0.0,6512640,150835200,3,0.0,6725632,226336768,1,0.67,342477157,207361,3,14279,14279,14279,38075,8.759708315378242,3,8069975,8069975,8069975,331466365,8.759708315378242,,,,,,0.0,,,,,
c,shards,1,2,1,hotspot,tcp,3,passed,,1,1431358,6475776,150835200,3,0.0,6475776,150835200,3,0.0,6684672,226336768,1,0.37,192675487,122603,3,14704,14704,14704,18780,15.570221447007423,3,35445974,35445974,35445974,123172964,15.570221447007423,,,,,,0.0,,,,,
c,shards,1,2,1,hotspot,tcp,4,passed,,1,1577463,6479872,150835200,3,0.0,6479872,150835200,3,0.0,6692864,226336768,1,5.84,2948598639,300226,3,11523,11523,11523,17041,1.0174324712492686,3,527543438,527543438,527543438,2394737066,1.0174324712492686,,,,,,0.0,,,,,
c,shards,1,2,1,hotspot,tcp,5,passed,,1,1523298,6492160,150835200,3,0.0,6492160,150835200,3,0.0,6705152,226336768,1,0.13999999999999999,78550180,175494,3,14583,14583,14583,20063,38.192146727098525,3,35114955,35114955,35114955,35927515,38.192146727098525,,,,,,0.0,,,,,
c,shards,1,2,1,hotspot,tcp,6,passed,,1,1546770,6504448,150835200,3,0.0,6504448,150835200,3,0.0,6717440,226336768,1,0.54,275731531,137366,3,11227,11227,11227,22992,10.880148487624362,3,9739100,9739100,9739100,259732468,10.880148487624362,,,,,,0.0,,,,,
c,shards,10,1,1,hotspot,tcp,0,passed,,10,13043401,6942720,150974464,3,0.0,6942720,150974464,3,0.0,7122944,226447360,1,0.09,48006695,275282,30,1927,4809,12591,16156,624.9128376781614,30,4407655,39984796,39987794,39998944,624.9128376781614,,,,,,0.0,,,,,
c,shards,10,1,1,hotspot,tcp,1,passed,,10,12577055,6991872,150974464,3,0.0,6991872,150974464,3,0.0,7176192,226447360,1,0.02,9457169,295753,30,1132,6699,12596,15959,3172.196669003166,30,3327361,3397452,3400545,3406067,3172.196669003166,,,,,,0.0,,,,,
c,shards,10,1,1,hotspot,tcp,2,passed,,10,12479766,6995968,150974464,3,0.0,6995968,150974464,3,0.0,7184384,226447360,1,1.35,684654335,291799,30,1694,20996,22123,604065,43.81773176094766,30,263977300,412753509,412758159,412774465,43.81773176094766,,,,,,0.0,,,,,
c,shards,10,1,1,hotspot,tcp,3,passed,,10,13339373,6991872,150974464,3,0.0,6991872,150974464,3,0.0,7180288,226447360,1,0.09000000000000001,46818714,280292,30,2078,8799,10871,21506,640.7694154094023,30,21509056,22840649,22845676,22852302,640.7694154094023,,,,,,0.0,,,,,
c,shards,10,1,1,hotspot,tcp,4,passed,,10,12401893,6979584,150974464,3,0.0,6979584,150974464,3,0.0,7163904,226447360,1,0.03,23062440,294017,30,1122,3523,3910,13377,1300.81639236785,30,6257430,14491093,14494816,14505959,1300.81639236785,,,,,,0.0,,,,,
c,shards,10,1,1,hotspot,tcp,5,passed,,10,12289773,6991872,150974464,3,0.0,6991872,150974464,3,0.0,7180288,226447360,1,13.440000000000001,6790366709,457558,30,2147,7797,11959,14660,4.418023545066835,30,1934508339,3687831222,3687837994,3687847481,4.418023545066835,,,,,,0.0,,,,,
c,shards,10,1,1,hotspot,tcp,6,failed,consumer exited before its next barrier,10,12098456,6971392,150974464,3,0.0,6971392,150974464,3,0.0,,,,,,,,,,,,,,,,,,,,,,,,,,,,,
c,shards,10,2,1,hotspot,tcp,0,passed,,10,13269382,7397376,151425024,3,0.0,7397376,151425024,3,0.0,7618560,226926592,1,7.91,3993378014,364286,30,1761,5876,10475,15248,7.512436812850145,30,995695953,2996095889,2996096253,2996100547,7.512436812850145,,,,,,0.0,,,,,
c,shards,10,2,1,hotspot,tcp,1,passed,,10,13622733,7417856,151425024,3,0.0,7417856,151425024,3,0.0,7634944,226926592,1,1.21,612332230,221730,30,2276,6850,7756,18289,48.9930115225194,30,41897593,548186337,548190001,548194001,48.9930115225194,,,,,,0.0,,,,,
c,shards,10,2,1,hotspot,tcp,2,passed,,10,13324613,7393280,151425024,3,0.0,7393280,151425024,3,0.0,7614464,226926592,1,6.41,3229625328,454014,30,1580,5109,8341,15499,9.289003197958571,30,1472062249,1639892441,1639897187,1639898550,9.289003197958571,,,,,,0.0,,,,,
c,shards,10,2,1,hotspot,tcp,3,passed,,10,12584961,7421952,151425024,3,0.0,7421952,151425024,3,0.0,7643136,226926592,1,1.52,767816408,338835,30,2169,8762,17186,23145,39.07184020480062,30,128996717,621079188,621081726,621086708,39.07184020480062,,,,,,0.0,,,,,
c,shards,10,2,1,hotspot,tcp,4,failed,consumer exited before its next barrier,10,12505783,7385088,151425024,3,0.0,7385088,151425024,3,0.0,,,,,,,,,,,,,,,,,,,,,,,,,,,,,
c,shards,10,2,1,hotspot,tcp,5,passed,,10,13109114,7401472,151425024,3,0.0,7401472,151425024,3,0.0,7618560,226926592,1,2.03,1022388949,453597,30,1370,4667,6349,14863,29.343040170126095,30,63431186,947140664,947142307,947144123,29.343040170126095,,,,,,0.0,,,,,
c,shards,10,2,1,hotspot,tcp,6,passed,,10,13313742,7413760,151425024,3,0.0,7413760,151425024,3,0.0,7639040,226926592,1,0.19,98659164,535463,30,1465,7536,9411,15386,304.0771762469019,30,16700663,70917841,70919747,70926687,304.0771762469019,,,,,,0.0,,,,,
c,shards,100,1,1,hotspot,tcp,0,passed,,100,125649954,13438976,152834048,3,0.0,13438976,152834048,3,0.0,13856768,228335616,1,2.3,1155239292,1367972,300,1889,4307,14300,107662,259.6864581022232,300,449191893,489985176,490006817,490057486,259.6864581022232,,,,,,0.0,,,,,
c,shards,100,1,1,hotspot,tcp,1,passed,,100,132173448,13434880,152834048,3,0.01,13434880,152834048,3,0.01,13860864,228335616,1,7.83,3947815333,1159262,300,1928,3349,14863,40566,75.99139642938309,300,1890683013,2048056064,2048070638,2048114833,75.99139642938309,,,,,,0.0,,,,,
c,shards,100,1,1,hotspot,tcp,2,passed,,100,139298185,13426688,152834048,3,0.01,13426688,152834048,3,0.01,13840384,228335616,1,3.73,1877367002,2669635,300,1551,2870,11597,24459,159.7982704928783,300,662360620,832039059,832039918,832040332,159.7982704928783,,,,,,0.0,,,,,
c,shards,100,1,1,hotspot,tcp,3,passed,,100,134200557,13418496,152834048,3,0.01,13418496,152834048,3,0.01,13852672,228335616,1,0.42000000000000004,203603132,1571352,300,1836,3585,9298,19692,1473.4547403720685,300,6855487,192818303,192819328,192835923,1473.4547403720685,,,,,,0.0,,,,,
c,shards,100,1,1,hotspot,tcp,4,passed,,100,129816610,13434880,152834048,3,0.01,13434880,152834048,3,0.01,13873152,228335616,1,2.4499999999999997,1227218178,1576036,300,683,2138,6039,50115,244.45530988541142,300,5164084,1218582957,1218585425,1218585723,244.45530988541142,,,,,,0.0,,,,,
c,shards,100,1,1,hotspot,tcp,5,passed,,100,129112448,13381632,152834048,3,0.01,13381632,152834048,3,0.01,13819904,228335616,1,0.07,31116643,1585084,300,922,4780,7759,143375,9641.142844361457,300,8566540,16291366,16320353,16349656,9641.142844361457,,,,,,0.0,,,,,
c,shards,100,1,1,hotspot,tcp,6,passed,,100,126540317,13422592,152834048,3,0.0,13422592,152834048,3,0.0,13844480,228335616,1,4.83,2434738691,1304631,300,1100,2715,5971,18391,123.2165082474553,300,5922616,2426546931,2426552905,2426555443,123.2165082474553,,,,,,0.0,,,,,
c,shards,100,2,1,hotspot,tcp,0,failed,consumer exited before its next barrier,100,137113121,16171008,158208000,3,0.02,16171008,158208000,3,0.02,,,,,,,,,,,,,,,,,,,,,,,,,,,,,
c,shards,100,2,1,hotspot,tcp,1,passed,,100,136281258,16179200,158208000,3,0.01,16179200,158208000,3,0.01,16932864,233979904,1,0.33,159430756,1066267,300,1783,5344,12957,41725,1881.6946461697767,300,20259273,131549227,131565139,131575163,1881.6946461697767,,,,,,0.0,,,,,
c,shards,100,2,1,hotspot,tcp,2,passed,,100,137953986,16166912,158208000,3,0.01,16166912,158208000,3,0.01,16900096,233971712,1,3.2,1612968818,2055324,300,1700,2764,10756,76467,185.9924362158376,300,174468072,1425399264,1425412660,1425431566,185.9924362158376,,,,,,0.0,,,,,
c,shards,100,2,1,hotspot,tcp,3,passed,,100,133981180,16195584,158208000,3,0.01,16195584,158208000,3,0.01,16961536,233979904,1,0.28,138198161,1328939,300,791,2604,6212,16472,2170.795890692062,300,21878869,96412906,96417871,96419716,2170.795890692062,,,,,,0.0,,,,,
c,shards,100,2,1,hotspot,tcp,4,passed,,100,137602003,16171008,158208000,3,0.02,16171008,158208000,3,0.02,16928768,233979904,1,6.03,3034729665,1860745,300,1296,2602,8340,39801,98.85559279297453,300,878691842,2140201235,2140224643,2140241721,98.85559279297453,,,,,,0.0,,,,,
c,shards,100,2,1,hotspot,tcp,5,passed,,100,134568918,16158720,158208000,3,0.01,16158720,158208000,3,0.01,16904192,233844736,1,0.77,383515207,2076262,300,1868,4058,14738,22114,782.2375606607953,300,111913411,238745048,238758515,238762323,782.2375606607953,,,,,,0.0,,,,,
c,shards,100,2,1,hotspot,tcp,6,failed,consumer exited before its next barrier,100,133759621,16183296,158208000,3,0.01,16183296,158208000,3,0.01,,,,,,,,,,,,,,,,,,,,,,,,,,,,,
c,shards,1000,1,1,hotspot,tcp,0,passed,,1000,1222539591,77881344,171429888,3,0.13,77881344,171429888,3,0.13,80588800,248147968,1,1.03,430646546,16224032,3000,1632,3446,6346,14431,6966.269735273809,3000,25941936,392182138,392368976,392412210,6966.269735273809,,,,,,0.0,,,,,
c,shards,1000,1,1,hotspot,tcp,1,passed,,1000,1254669808,77832192,171429888,3,0.16,77832192,171429888,3,0.16,80531456,248147968,1,6.66,3259918812,11302218,3000,2002,4228,6650,25801,920.2683174061821,3000,46558418,3201234395,3201326984,3201355226,920.2683174061821,,,,,,0.0,,,,,
c,shards,1000,1,1,hotspot,tcp,2,passed,,1000,1252132678,77844480,171429888,3,0.15,77844480,171429888,3,0.15,80691200,248147968,1,1.28,540853240,12830058,3000,1626,3477,7507,50967,5546.791214563123,3000,207033523,321652436,321779966,321842106,5546.791214563123,,,,,,0.0,,,,,
c,shards,1000,1,1,hotspot,tcp,3,passed,,1000,1258085548,77856768,171429888,3,0.15,77856768,171429888,3,0.15,80601088,248147968,1,0.35,78733054,12002234,3000,1630,3649,6826,201728,38103.43747112871,3000,16161544,47413133,47533002,47574843,38103.43747112871,,,,,,0.0,,,,,
c,shards,1000,1,1,hotspot,tcp,4,passed,,1000,1261293408,77848576,171429888,3,0.15,77848576,171429888,3,0.15,80539648,248115200,1,1.4,602356957,15095077,3000,1984,3293,5404,27770,4980.435545961495,3000,206916250,351203054,351412115,351470177,4980.435545961495,,,,,,0.0,,,,,
c,shards,1000,1,1,hotspot,tcp,5,passed,,1000,1298426846,77864960,171429888,3,0.18,77864960,171429888,3,0.18,80539648,248135680,1,1.18,475371708,14389827,3000,1954,4477,7606,1339372,6310.850960444621,3000,214726990,240641583,240723360,240861954,6310.850960444621,,,,,,0.0,,,,,
c,shards,1000,1,1,hotspot,tcp,6,passed,,1000,1256856462,77848576,171429888,3,0.16,77848576,171429888,3,0.16,80551936,248131584,1,1.01,403388489,12517969,3000,1686,4107,7901,20115,7436.999522314084,3000,147427122,207317906,207509401,207557696,7436.999522314084,,,,,,0.0,,,,,
c,shards,1000,2,1,hotspot,tcp,0,passed,,1000,1261170027,103743488,226111488,3,0.16,103743488,226111488,3,0.16,108797952,303357952,1,0.36,72088002,14966407,3000,1596,3647,6924,76012,41615.8017529741,3000,23039672,28867992,29002833,29097468,41615.8017529741,,,,,,0.0,,,,,
c,shards,1000,2,1,hotspot,tcp,1,passed,,1000,1295556100,103751680,226111488,3,0.18,103751680,226111488,3,0.18,109420544,303370240,1,4.83,2304548134,22729492,3000,2046,3402,6396,28090,1301.773634379641,3000,1030345481,1253407552,1253558873,1253592128,1301.773634379641,,,,,,0.0,,,,,
c,shards,1000,2,1,hotspot,tcp,2,passed,,1000,1317997664,103702528,226111488,3,0.21,103702528,226111488,3,0.21,108646400,303505408,1,5.18,2472695716,18226698,3000,1931,3450,6798,129274,1213.2507775170182,3000,812927149,1258470172,1258647222,1258705458,1213.2507775170182,,,,,,0.0,,,,,
c,shards,1000,2,1,hotspot,tcp,3,failed,consumer exited before its next barrier,1000,1235479424,103710720,226111488,3,0.15,103710720,226111488,3,0.15,,,,,,,,,,,,,,,,,,,,,,,,,,,,,
c,shards,1000,2,1,hotspot,tcp,4,failed,consumer exited before its next barrier,1000,1245263103,103718912,226111488,3,0.16,103718912,226111488,3,0.16,,,,,,,,,,,,,,,,,,,,,,,,,,,,,
c,shards,1000,2,1,hotspot,tcp,5,passed,,1000,1265152208,103714816,226111488,3,0.16,103714816,226111488,3,0.16,108605440,303357952,1,1.2000000000000002,491196442,13183081,3000,2140,4114,6437,145341,6107.536096525715,3000,24773469,452260301,452453996,452505270,6107.536096525715,,,,,,0.0,,,,,
c,shards,1000,2,1,hotspot,tcp,6,passed,,1000,1231185800,103739392,226111488,3,0.14,103739392,226111488,3,0.14,108711936,303370240,1,0.42000000000000004,111389728,17060086,3000,2111,4078,5470,22502,26932.46544241494,3000,33751816,64861330,65219808,65275394,26932.46544241494,,,,,,0.0,,,,,
c,shared,1,1,1,hotspot,tcp,0,passed,,1,1407496,6504448,219910144,4,0.0,6504448,219910144,4,0.0,6709248,295411712,1,0.52,232346310,340860,3,18291,18291,18291,132160,12.911760896912888,3,72079340,72079340,72079340,150294391,12.911760896912888,,,,,,0.0,,,,,
c,shared,1,1,1,hotspot,tcp,1,passed,,1,1534986,6504448,219910144,4,0.0,6504448,219910144,4,0.0,6696960,295411712,1,3.0,1307046890,217849,3,16331,16331,16331,17243,2.2952504787337813,3,53250368,53250368,53250368,1249204981,2.2952504787337813,,,,,,0.0,,,,,
c,shared,1,1,1,hotspot,tcp,2,passed,,1,1559032,6496256,219910144,4,0.0,6496256,219910144,4,0.0,6676480,295411712,1,0.07,35346218,86215,3,10526,10526,10526,14100,84.87470993360591,3,8379688,8379688,8379688,26670863,84.87470993360591,,,,,,0.0,,,,,
c,shared,1,1,1,hotspot,tcp,3,passed,,1,1395178,6471680,219910144,4,0.0,6471680,219910144,4,0.0,6660096,295411712,1,5.04,2194521733,223597,3,24558,24558,24558,321839,1.3670404602914907,3,711579663,711579663,711579663,776691195,1.3670404602914907,,,,,,0.0,,,,,
c,shared,1,1,1,hotspot,tcp,4,passed,,1,1438222,6569984,219910144,4,0.0,6569984,219910144,4,0.0,6758400,295411712,1,1.98,866188940,190247,3,13152,13152,13152,57738,3.4634475937778655,3,62623891,62623891,62623891,787306432,3.4634475937778655,,,,,,0.0,,,,,
c,shared,1,1,1,hotspot,tcp,5,passed,,1,1457089,6520832,219910144,4,0.0,6520832,219910144,4,0.0,6709248,295411712,1,0.04,19217323,266599,3,145769,145769,145769,186605,156.10915214361543,3,7709466,7709466,7709466,10731955,156.10915214361543,,,,,,0.0,,,,,
c,shared,1,1,1,hotspot,tcp,6,passed,,1,1730871,6545408,219910144,4,0.0,6545408,219910144,4,0.0,6729728,295411712,1,1.85,809236023,357609,3,41966,41966,41966,42458,3.7072002663430617,3,98864368,98864368,98864368,688405767,3.7072002663430617,,,,,,0.0,,,,,
c,shared,1,2,1,hotspot,tcp,0,failed,consumer exited before its next barrier,1,1892034,6733824,220045312,4,0.0,6733824,220045312,4,0.0,,,,,,,,,,,,,,,,,,,,,,,,,,,,,
c,shared,1,2,1,hotspot,tcp,1,failed,consumer exited before its next barrier,1,1696804,6737920,220045312,4,0.0,6737920,220045312,4,0.0,,,,,,,,,,,,,,,,,,,,,,,,,,,,,
c,shared,1,2,1,hotspot,tcp,2,passed,,1,1651718,6631424,220045312,4,0.0,6631424,220045312,4,0.0,6840320,295546880,1,0.56,248257352,273369,3,15306,15306,15306,29084,12.084234266705623,3,62200368,62200368,62200368,178050901,12.084234266705623,,,,,,0.0,,,,,
c,shared,1,2,1,hotspot,tcp,3,passed,,1,1616830,6778880,220045312,4,0.0,6778880,220045312,4,0.0,6987776,295546880,1,0.060000000000000005,33846204,119800,3,7771,7771,7771,26420,88.63623229358305,3,12970768,12970768,12970768,14408750,88.63623229358305,,,,,,0.0,,,,,
c,shared,1,2,1,hotspot,tcp,4,passed,,1,1529955,6737920,220045312,4,0.0,6737920,220045312,4,0.0,6946816,295546880,1,5.140000000000001,2261027107,223113,3,8417,8417,8417,16634,1.3268306207883072,3,786729942,786729942,786729942,1425178187,1.3268306207883072,,,,,,0.0,,,,,
c,shared,1,2,1,hotspot,tcp,5,failed,consumer exited before its next barrier,1,1805286,6742016,220045312,4,0.0,6742016,220045312,4,0.0,,,,,,,,,,,,,,,,,,,,,,,,,,,,,
c,shared,1,2,1,hotspot,tcp,6,passed,,1,1526984,6713344,220045312,4,0.0,6713344,220045312,4,0.0,6926336,295546880,1,0.54,243798398,486064,3,3321,3321,3321,19510,12.305249027928395,3,15475544,15475544,15475544,227264585,12.305249027928395,,,,,,0.0,,,,,
c,shared,10,1,1,hotspot,tcp,0,passed,,10,12707742,7176192,220184576,4,0.0,7176192,220184576,4,0.0,7385088,295657472,1,1.5100000000000002,660506454,190748,30,1021,17376,18349,20687,45.41969244709303,30,92930126,548027674,548028862,548047942,45.41969244709303,,,,,,0.0,,,,,
c,shared,10,1,1,hotspot,tcp,1,passed,,10,13211269,7176192,220184576,4,0.0,7176192,220184576,4,0.0,7389184,295657472,1,1.23,539784481,244991,30,1258,9839,14715,22675,55.577737145058826,30,4925022,533896543,533897566,533905335,55.577737145058826,,,,,,0.0,,,,,
c,shared,10,1,1,hotspot,tcp,2,passed,,10,13655849,7176192,220184576,4,0.0,7176192,220184576,4,0.0,7393280,295657472,1,6.96,3025218599,376431,30,1642,11587,15235,84347,9.916638754606572,30,407176770,2617689680,2617695452,2617778293,9.916638754606572,,,,,,0.0,,,,,
c,shared,10,1,1,hotspot,tcp,3,passed,,10,13151196,7163904,220184576,4,0.0,7163904,220184576,4,0.0,7364608,295653376,1,0.12,54134429,456792,30,1750,7606,7686,57160,554.1759755145843,30,7010985,40119427,40121528,40172504,554.1759755145843,,,,,,0.0,,,,,
c,shared,10,1,1,hotspot,tcp,4,passed,,10,13289031,7172096,220184576,4,0.0,7172096,220184576,4,0.0,7380992,295657472,1,10.58,4598189519,413290,30,1086,3480,5911,14200,6.52430698561644,30,1533327071,3048203090,3048204665,3048206517,6.52430698561644,,,,,,0.0,,,,,
c,shared,10,1,1,hotspot,tcp,5,passed,,10,13579560,7176192,220184576,4,0.0,7176192,220184576,4,0.0,7376896,295657472,1,0.09000000000000001,39917587,291683,30,1309,3592,3814,16398,751.5484340273374,30,17090369,19477939,19478388,19481207,751.5484340273374,,,,,,0.0,,,,,
c,shared,10,1,1,hotspot,tcp,6,passed,,10,13293560,7204864,220184576,4,0.0,7204864,220184576,4,0.0,7409664,295657472,1,0.95,415419207,282732,30,1122,15375,111100,175485,72.21620833723271,30,168280394,246054117,246054987,246165075,72.21620833723271,,,,,,0.0,,,,,
c,shared,10,2,1,hotspot,tcp,0,passed,,10,13299798,7593984,220635136,4,0.0,7593984,220635136,4,0.0,7839744,296136704,1,0.1,46684261,327791,30,1699,5500,17637,40923,642.6148632833665,30,8946341,30731761,30735701,30774639,642.6148632833665,,,,,,0.0,,,,,
c,shared,10,2,1,hotspot,tcp,1,passed,,10,13537460,7598080,220635136,4,0.0,7598080,220635136,4,0.0,7852032,296136704,1,4.62,2023433703,477353,30,1630,6784,20561,46102,14.826282647917326,30,39351758,1963384128,1963388225,1963392934,14.826282647917326,,,,,,0.0,,,,,
c,shared,10,2,1,hotspot,tcp,2,passed,,10,13334224,7614464,220635136,4,0.0,7614464,220635136,4,0.0,7864320,296136704,1,0.9299999999999999,415952925,239637,30,1587,5021,5104,25162,72.12354619215624,30,22107730,375808643,375809742,375813304,72.12354619215624,,,,,,0.0,,,,,
c,shared,10,2,1,hotspot,tcp,3,passed,,10,13330886,7622656,220635136,4,0.0,7622656,220635136,4,0.0,7884800,296136704,1,2.9000000000000004,1284664545,368377,30,1442,11497,15088,19770,23.35239975039554,30,515207056,758288270,758289673,758297556,23.35239975039554,,,,,,0.0,,,,,
c,shared,10,2,1,hotspot,tcp,4,passed,,10,13112995,7610368,220635136,4,0.0,7610368,220635136,4,0.0,7864320,296136704,1,10.1,4439718261,439578,30,1799,9099,10832,66832,6.757185532138433,30,1239859120,2135782771,2135782918,2135787602,6.757185532138433,,,,,,0.0,,,,,
c,shared,10,2,1,hotspot,tcp,5,passed,,10,13429301,7618560,220635136,4,0.0,7618560,220635136,4,0.0,7864320,296136704,1,0.25,110844179,326900,30,1033,12246,14923,46117,270.6502070803375,30,25273432,84367514,84368577,84379700,270.6502070803375,,,,,,0.0,,,,,
c,shared,10,2,1,hotspot,tcp,6,passed,,10,13238479,7655424,220635136,4,0.0,7655424,220635136,4,0.0,7901184,296136704,1,0.7000000000000001,313509978,326540,30,1664,3609,8381,29201,95.69073428342367,30,95921263,172480713,172481996,172484082,95.69073428342367,,,,,,0.0,,,,,
c,shared,100,1,1,hotspot,tcp,0,passed,,100,140624204,13668352,222048256,4,0.01,13668352,222048256,4,0.01,14114816,297549824,1,0.38,158381344,1605296,300,1482,2763,10190,25411,1894.1624841875316,300,69930151,72388288,72404257,72420884,1894.1624841875316,,,,,,0.0,,,,,
c,shared,100,1,1,hotspot,tcp,1,passed,,100,136256886,13602816,222048256,4,0.02,13602816,222048256,4,0.02,14090240,297549824,1,6.43,2784638666,2153186,300,1550,3082,7357,79476,107.73390589700301,300,40564940,2740868044,2740883304,2740905331,107.73390589700301,,,,,,0.0,,,,,
c,shared,100,1,1,hotspot,tcp,2,passed,,100,133970775,13680640,222044160,4,0.02,13680640,222044160,4,0.02,14151680,297545728,1,2.95,1282318914,1403768,300,1469,2885,6871,18754,233.95116201179263,300,381923391,892635324,892643182,892660243,233.95116201179263,,,,,,0.0,,,,,
c,shared,100,1,1,hotspot,tcp,3,passed,,100,132242552,13635584,222048256,4,0.01,13635584,222048256,4,0.01,14102528,297549824,1,4.8100000000000005,2085412764,1636932,300,1522,2648,10857,664084,143.8564130702712,300,697381060,701872178,701894843,701902412,143.8564130702712,,,,,,0.0,,,,,
c,shared,100,1,1,hotspot,tcp,4,passed,,100,133475059,13639680,222044160,4,0.01,13639680,222044160,4,0.01,14077952,297545728,1,4.4,1911692796,1575275,300,1530,3597,9413,192858,156.9289797124914,300,42098373,1844586219,1844598342,1844796971,156.9289797124914,,,,,,0.0,,,,,
c,shared,100,1,1,hotspot,tcp,5,passed,,100,129521740,13647872,222048256,4,0.01,13647872,222048256,4,0.01,14094336,297549824,1,0.06,19689842,1208516,300,557,2071,6634,66472,15236.282749247048,300,7486039,8719053,8722765,8789529,15236.282749247048,,,,,,0.0,,,,,
c,shared,100,1,1,hotspot,tcp,6,failed,consumer exited before its next barrier,100,132420146,13676544,222044160,4,0.01,13676544,222044160,4,0.01,,,,,,,,,,,,,,,,,,,,,,,,,,,,,
c,shared,100,2,1,hotspot,tcp,0,passed,,100,133401575,16449536,227409920,4,0.01,16449536,227409920,4,0.01,17170432,303181824,1,7.22,3153960963,2111224,300,1495,2950,19349,148063,95.11848863045043,300,976655608,1473066524,1473079366,1473114014,95.11848863045043,,,,,,0.0,,,,,
c,shared,100,2,1,hotspot,tcp,1,passed,,100,137210012,16429056,227409920,4,0.01,16429056,227409920,4,0.01,17137664,303173632,1,0.38,161147185,1567108,300,1192,2910,7984,23006,1861.6521287666303,300,54192478,98892848,98909531,98935416,1861.6521287666303,,,,,,0.0,,,,,
c,shared,100,2,1,hotspot,tcp,2,passed,,100,134571358,16490496,227409920,4,0.02,16490496,227409920,4,0.02,17264640,303046656,1,0.67,286263921,1547504,300,1378,2339,14131,24222,1047.9839686119578,300,110599715,149652371,149663233,149675651,1047.9839686119578,,,,,,0.0,,,,,
c,shared,100,2,1,hotspot,tcp,3,passed,,100,133216206,16424960,227409920,4,0.01,16424960,227409920,4,0.01,17195008,303181824,1,2.71,1174292660,2258652,300,2032,5090,10118,20141,255.47294147269898,300,220819113,871216837,871232151,871244449,255.47294147269898,,,,,,0.0,,,,,
c,shared,100,2,1,hotspot,tcp,4,passed,,100,136206673,16371712,227409920,4,0.01,16371712,227409920,4,0.01,17149952,303181824,1,12.040000000000001,5258358486,1657894,300,1424,2943,6912,30402,57.05202503760981,300,2501325355,2693489799,2693499405,2693523390,57.05202503760981,,,,,,0.0,,,,,
c,shared,100,2,1,hotspot,tcp,5,passed,,100,139018924,16478208,227409920,4,0.01,16478208,227409920,4,0.01,17231872,303181824,1,15.299999999999999,6712428739,3241278,300,1871,3556,9421,39207,44.69321190062916,300,1669665816,4894127087,4894150858,4894162266,44.69321190062916,,,,,,0.0,,,,,
c,shared,100,2,1,hotspot,tcp,6,failed,consumer exited before its next barrier,100,130989501,16420864,227409920,4,0.01,16420864,227409920,4,0.01,,,,,,,,,,,,,,,,,,,,,,,,,,,,,
c,shared,1000,1,1,hotspot,tcp,0,passed,,1000,1258183983,78270464,240562176,4,0.18,78270464,240562176,4,0.18,56524800,317415424,1,1.22,434211505,13673451,3000,1568,3358,7614,132605,6909.075336453832,3000,206616751,207823088,207912650,207944041,6909.075336453832,,,,,,0.0,,,,,
c,shared,1000,1,1,hotspot,tcp,1,passed,,1000,1288333833,78340096,240648192,4,0.2,78340096,240648192,4,0.2,80945152,317366272,1,0.8999999999999999,283946158,14777731,3000,1285,2648,6052,33367,10565.383314677567,3000,44423850,213469518,213590625,213618379,10565.383314677567,,,,,,0.0,,,,,
c,shared,1000,1,1,hotspot,tcp,2,passed,,1000,1298939589,78327808,240553984,4,0.22,78327808,240553984,4,0.22,80850944,317272064,1,3.7800000000000002,1527104808,16284989,3000,1751,4069,8050,44401,1964.5017056353868,3000,634386215,824095861,824221699,824259781,1964.5017056353868,,,,,,0.0,,,,,
c,shared,1000,1,1,hotspot,tcp,3,passed,,1000,1270131370,78192640,240558080,4,0.18,78192640,240558080,4,0.18,80543744,317353984,1,4.16,1703853643,13600553,3000,1316,2736,4931,47378,1760.71460851406,3000,209270404,1468218971,1468368625,1468403915,1760.71460851406,,,,,,0.0,,,,,
c,shared,1000,1,1,hotspot,tcp,4,passed,,1000,1262906772,78262272,240648192,4,0.18,78262272,240648192,4,0.18,80678912,317366272,1,3.29,1331184175,15811984,3000,1563,3034,5346,233902,2253.6325598972808,3000,102599070,1211688044,1211855523,1211990153,2253.6325598972808,,,,,,0.0,,,,,
c,shared,1000,1,1,hotspot,tcp,5,passed,,1000,1299616950,78299136,240570368,4,0.21000000000000002,78299136,240570368,4,0.21000000000000002,80662528,317411328,1,3.95,1609098679,17851375,3000,1496,4491,6735,41024,1864.397776937085,3000,29138787,1548743751,1549149977,1549230638,1864.397776937085,,,,,,0.0,,,,,
c,shared,1000,1,1,hotspot,tcp,6,passed,,1000,1274900414,78209024,240656384,4,0.19,78209024,240656384,4,0.19,80699392,317366272,1,0.42,78318133,13512951,3000,1279,2512,4750,47600,38305.305362680185,3000,24139049,40480084,40646148,40692280,38305.305362680185,,,,,,0.0,,,,,
c,shared,1000,2,1,hotspot,tcp,0,failed,consumer exited before its next barrier,1000,1573333184,104153088,295317504,4,0.19,104153088,295317504,4,0.19,,,,,,,,,,,,,,,,,,,,,,,,,,,,,
c,shared,1000,2,1,hotspot,tcp,1,failed,consumer exited before its next barrier,1000,1250824271,104091648,295317504,4,0.18,104091648,295317504,4,0.18,,,,,,,,,,,,,,,,,,,,,,,,,,,,,
c,shared,1000,2,1,hotspot,tcp,2,passed,,1000,1337948709,104091648,295325696,4,0.23,104091648,295325696,4,0.23,109809664,372932608,1,5.49,2294099726,22552474,3000,1722,3555,7988,455819,1307.70252312911,3000,54433098,2210705224,2210839266,2211332686,1307.70252312911,,,,,,0.0,,,,,
c,shared,1000,2,1,hotspot,tcp,3,failed,consumer exited before its next barrier,1000,1266487572,104108032,295317504,4,0.19,104108032,295317504,4,0.19,,,,,,,,,,,,,,,,,,,,,,,,,,,,,
c,shared,1000,2,1,hotspot,tcp,4,failed,consumer exited before its next barrier,1000,1300145252,104124416,295321600,4,0.19,104124416,295321600,4,0.19,,,,,,,,,,,,,,,,,,,,,,,,,,,,,
c,shared,1000,2,1,hotspot,tcp,5,passed,,1000,1281991911,104157184,295317504,4,0.2,104157184,295317504,4,0.2,109678592,372756480,1,5.69,2380570495,18190457,3000,1808,3721,7289,32072,1260.2021264654882,3000,805695548,1216357224,1216454151,1216471375,1260.2021264654882,,,,,,0.0,,,,,
c,shared,1000,2,1,hotspot,tcp,6,failed,consumer exited before its next barrier,1000,1279143223,104120320,295317504,4,0.19,104120320,295317504,4,0.19,,,,,,,,,,,,,,,,,,,,,,,,,,,,,
