protocol,qos,producers,capacity,inflight,profile,timing_samples,admissions_per_second_min,admissions_per_second_median,admissions_per_second_max,completed_per_second_min,completed_per_second_median,completed_per_second_max,shutdown_ms_min,shutdown_ms_median,shutdown_ms_max,p50_us_median,p95_us_median,p99_us_median,allocations_per_message,allocated_bytes_per_message
v4,0,1,1,1,baseline-disabled,7,37879.871,152129.131,165653.228,37558.925,149742.807,162578.373,1.047,1.127,2.255,6.6,12.466,17.493,23.322,1531.13
v4,0,1,1,1,disabled,7,33743.782,158620.809,170600.62,33557.235,155251.389,167616.811,1.043,1.408,1.647,5.935,12.128,16.039,23.629,1563.712
v4,0,1,1,1,enabled-ordered,7,43981.137,142989.584,154716.786,43934.836,142824.208,154410.953,0.081,0.118,0.239,6.644,13.058,17.653,21.461,1311.267
v4,0,1,1,1,enabled-unused,7,90899.005,141425.849,159544.13,89940.475,139231.187,155649.773,1.114,1.153,1.568,6.669,13.19,17.422,21.525,1317.196
v4,0,1,1,64,baseline-disabled,7,93908.059,137356.988,174138.688,92827.3,134489.851,170105.592,1.015,1.361,1.552,6.73,14.371,20.992,23.284,1528.375
v4,0,1,1,64,disabled,7,51287.29,136879.567,150041.145,50867.054,134819.759,147701.484,1.055,1.116,1.624,6.87,14.885,21.879,23.459,1546.946
v4,0,1,1,64,enabled-ordered,7,78911.12,114573.025,154232.242,78851.755,114416.218,154069.099,0.068,0.113,0.154,8.224,15.884,24.95,21.284,1297.415
v4,0,1,1,64,enabled-unused,7,59409.318,115775.65,127560.456,58627.043,113487.86,125671.417,1.037,1.178,2.245,7.681,16.613,26.287,21.338,1303.403
v4,0,1,64,1,baseline-disabled,7,154298.757,174541.392,178819.96,151618.367,170965.357,174418.834,1.145,1.229,1.681,5.885,11.965,14.642,22.621,1481.213
v4,0,1,64,1,disabled,7,131018.9,169454.406,177604.972,128238.987,165840.785,173923.778,1.191,1.553,1.654,5.876,11.876,14.819,22.742,1487.255
v4,0,1,64,1,enabled-ordered,7,149979.729,153537.062,160771.394,149346.085,152951.508,160205.876,0.219,0.249,0.635,6.538,12.943,16.178,20.706,1262.917
v4,0,1,64,1,enabled-unused,7,133404.625,147260.187,157708.533,131281.772,143686.964,154625.782,1.212,1.43,1.705,6.663,12.766,16.205,20.803,1268.414
v4,0,1,64,64,baseline-disabled,7,142303.795,166475.871,174136.859,138558.437,163178.676,170673.221,1.152,1.213,1.899,5.944,11.867,15.019,22.762,1487.998
v4,0,1,64,64,disabled,7,164364.965,170409.414,173683.322,160351.76,166630.711,170088.192,1.201,1.309,1.522,5.903,11.895,14.864,22.75,1489.353
v4,0,1,64,64,enabled-ordered,7,140428.413,155290.311,160679.629,140023.721,154741.979,160208.386,0.183,0.235,0.664,6.626,12.778,15.314,20.786,1266.329
v4,0,1,64,64,enabled-unused,7,145303.373,156325.984,161148.792,142618.837,152610.399,157848.355,1.227,1.295,1.557,6.528,12.817,15.738,20.748,1265.837
v4,0,8,1,1,baseline-disabled,7,110032.683,117868.385,119180.796,107755.915,115782.8,117360.354,1.214,1.464,1.92,25.074,248.405,630.478,55.636,2950.085
v4,0,8,1,1,disabled,7,114318.138,117610.89,121592.686,112359.282,115934.976,119666.497,1.229,1.324,1.869,23.004,249.203,678.718,54.836,2922.208
v4,0,8,1,1,enabled-ordered,7,99947.194,106870.625,112176.826,99862.238,106719.512,112033.543,0.076,0.085,0.132,22.195,269.597,861.843,52.339,2666.162
v4,0,8,1,1,enabled-unused,7,103241.099,108355.523,111001.001,101920.755,106426.992,109331.677,1.2,1.283,1.672,25.432,264.657,749.853,53.105,2702.716
v4,0,8,1,64,baseline-disabled,7,44307.393,112632.104,119044.97,43665.671,110583.724,117322.847,1.23,1.644,3.316,27.039,265.553,672.386,55.513,2946.265
v4,0,8,1,64,disabled,7,49749.411,112849.537,119878.49,49075.311,110608.861,117632.697,1.201,1.795,2.761,25.31,268.989,715.314,55.278,2935.915
v4,0,8,1,64,enabled-ordered,7,50978.467,100168.033,112019.429,50919.933,100090.412,111904.289,0.075,0.086,0.225,24.323,303.466,891.778,52.483,2670.742
v4,0,8,1,64,enabled-unused,7,42447.386,106863.788,109786.467,41981.297,105485.952,108357.72,1.198,1.265,2.615,24.497,269.448,805.102,51.041,2610.656
v4,0,8,64,1,baseline-disabled,7,64205.73,105536.029,123775.917,62933.011,103527.109,121001.406,1.522,1.882,4.0,42.324,285.657,671.095,48.432,2627.702
v4,0,8,64,1,disabled,7,59632.512,96239.166,118168.58,59086.477,94658.182,115830.919,1.36,1.648,2.204,33.547,255.855,590.751,54.527,2907.664
v4,0,8,64,1,enabled-ordered,7,66194.97,92267.742,106608.612,66004.139,91651.268,106293.343,0.269,0.332,0.741,38.853,290.088,706.308,48.013,2476.662
v4,0,8,64,1,enabled-unused,7,57242.047,95218.638,111058.383,56559.837,93369.353,108622.746,1.454,2.079,2.14,38.699,280.186,691,50.835,2606.373
v4,0,8,64,64,baseline-disabled,7,56565.291,97744.272,120167.281,55555.208,96464.639,118320.041,1.299,1.888,3.856,25.042,275.475,683.201,54.576,2904.82
v4,0,8,64,64,disabled,7,53674.406,114794.597,117937.718,52618.924,112862.156,116111.445,1.259,1.491,3.736,23.622,236.127,703.131,54.394,2895.358
v4,0,8,64,64,enabled-ordered,7,51317.925,65032.554,109681.99,51171.511,64914.274,109220.221,0.204,0.557,0.854,23.326,450.442,1312.766,51.56,2634.683
v4,0,8,64,64,enabled-unused,7,50171.355,82741.495,116786.919,48860.213,81038.923,114218.576,1.352,1.925,5.348,28.605,306.167,835.625,50.965,2609.82
v4,1,1,1,1,baseline-disabled,7,34299.881,75035.34,81613.3,34170.599,74393.815,80692.771,1.03,1.133,1.517,12.339,20.417,32.084,36.134,2686.959
v4,1,1,1,1,disabled,7,74217.307,80090.996,86001.189,73613.589,79373.788,85157.317,1.105,1.152,1.565,11.77,19.065,28.979,36.317,2701.139
v4,1,1,1,1,enabled-ordered,7,69470.927,77236.338,85327.32,69391.201,77183.911,85275.482,0.071,0.087,0.165,12.376,19.648,27.455,32.692,2156.235
v4,1,1,1,1,enabled-unused,7,69427.697,76803.381,83221.155,68915.638,75880.62,82457.265,1.07,1.2,1.639,12.347,19.628,26.222,32.15,2111.139
v4,1,1,1,64,baseline-disabled,7,61872.257,62609.646,64780.908,61143.338,62071.044,64114.544,1.25,1.386,1.926,14.768,25.624,29.283,31.68,2595.688
v4,1,1,1,64,disabled,7,60746.219,62859.251,64213.739,60230.393,62328.332,63444.555,1.323,1.425,1.887,14.896,25.445,29.403,32.238,2790.443
v4,1,1,1,64,enabled-ordered,7,47021.754,49626.099,64046.267,46739.196,49325.671,63699.155,0.85,1.227,1.365,17.799,35.547,40.387,27.829,2072.751
v4,1,1,1,64,enabled-unused,7,46114.833,48462.916,67220.878,45710.332,48017.295,66389.381,1.52,1.862,2.306,18.084,36.563,42.15,28.175,2318.923
v4,1,1,64,1,baseline-disabled,7,71487.415,78320.543,84764.138,70801.673,77295.236,83889.528,1.23,1.375,1.693,12.124,18.673,27.952,36.539,2725.191
v4,1,1,64,1,disabled,7,72675.582,77718.901,79978.218,71819.738,76918.677,79115.349,1.294,1.363,1.756,12.098,19.753,33.512,36.402,2715.529
v4,1,1,64,1,enabled-ordered,7,65092.389,77383.87,88140.795,64579.715,77012.166,87723.127,0.54,0.754,1.219,12.546,19.234,25.855,31.927,2101.364
v4,1,1,64,1,enabled-unused,7,72340.998,82199.65,86963.581,71682.925,81236.75,85568.916,1.269,1.442,1.896,11.018,18.963,25.694,32.48,2145.745
v4,1,1,64,64,baseline-disabled,7,36421.308,59492.077,62494.341,36089.086,58138.934,61417.036,2.527,2.769,6.536,15.328,27.197,35.929,32.001,2775.292
v4,1,1,64,64,disabled,7,29202.298,54075.05,62377.979,28910.957,53223.362,61375.969,2.467,2.959,4.984,14.818,28.262,31.984,31.944,2772.817
v4,1,1,64,64,enabled-ordered,7,20825.595,45423.018,48762.175,20519.403,44596.452,48005.336,3.233,3.959,7.165,18.743,40.69,54.748,28.044,2313.582
v4,1,1,64,64,enabled-unused,7,21933.879,44753.034,47941.845,21489.069,43975.027,46979.709,3.767,4.271,9.44,19.197,40.172,62.421,28.044,2312.371
v4,1,8,1,1,baseline-disabled,7,11895.133,63301.279,65511.64,11847.763,62610.71,64756.046,1.286,1.742,3.361,48.711,470.157,900.133,102.222,5625.082
v4,1,8,1,1,disabled,7,10058.56,60889.267,66169.418,10007.513,60194.46,65523.228,1.231,1.582,5.071,47.606,501.551,1035.766,101.504,5596.666
v4,1,8,1,1,enabled-ordered,7,10522.587,59284.557,61186.927,10518.955,59251.938,61158.739,0.074,0.092,0.327,48.174,523.244,1194.863,98.538,5059.74
v4,1,8,1,1,enabled-unused,7,14913.021,57918.498,61010.192,14812.507,57327.821,60323.561,1.298,1.779,4.549,49.464,527.06,1188.941,95.91,4938.533
v4,1,8,1,64,baseline-disabled,7,21069.654,32488.199,43756.726,20938.029,32266.279,43431.52,1.385,1.939,2.983,48.047,1098.44,2821.903,90.595,5401.991
v4,1,8,1,64,disabled,7,20780.269,37266.346,41286.756,20571.733,37068.171,40988.401,1.434,2.483,8.12,49.961,798.867,2454.268,88.897,5324.146
v4,1,8,1,64,enabled-ordered,7,26759.262,29862.451,47612.089,26696.886,29824.845,47451.337,0.422,0.711,1.367,61.463,1062.149,3003.599,82.152,4507.128
v4,1,8,1,64,enabled-unused,7,20032.493,25106.15,30848.548,19873.39,24908.811,30632.424,1.857,3.109,4.366,59.884,1463.61,4193.862,43.135,2590.251
v4,1,8,64,1,baseline-disabled,7,41064.065,56121.88,65063.843,40725.891,55458.397,64512.081,1.314,2.085,2.839,52.293,508.69,1051.526,100.168,5527.701
v4,1,8,64,1,disabled,7,39653.68,51949.683,63578.894,39387.388,51236.45,62806.485,1.705,2.01,2.679,50.181,549.93,1279.852,100.139,5528.473
v4,1,8,64,1,enabled-ordered,7,41542.473,42813.483,53957.955,41332.53,42670.099,53588.064,0.524,0.8,1.341,54.289,712.632,1580.935,96.964,4991.781
v4,1,8,64,1,enabled-unused,7,38114.213,47041.456,60857.924,37904.325,46455.804,60156.806,1.453,2.138,2.679,59.406,623.247,1492.836,96.794,4988.432
v4,1,8,64,64,baseline-disabled,7,29165.036,41687.88,45746.241,28868.137,41110.997,45015.838,2.873,3.048,3.547,43.275,663.783,2811.775,92.561,5489.286
v4,1,8,64,64,disabled,7,34536.14,37616.744,47990.561,33917.039,37181.933,47299.731,3.043,3.673,5.285,49.726,817.213,2587.599,93.98,5543.398
v4,1,8,64,64,enabled-ordered,7,27253.177,32866.514,37890.123,26954.164,32442.338,37370.601,3.669,3.932,4.07,48.518,1010.321,3206.047,87.904,4994.166
v4,1,8,64,64,enabled-unused,7,28801.617,34646.307,37739.602,28160.289,34165.84,37149.54,3.963,4.666,7.907,41.183,926.066,3245.457,92.501,5199.739
v4,2,1,1,1,baseline-disabled,7,32229.765,38606.231,48607.92,32120.245,38443.204,48367.043,1.024,1.253,1.463,23.427,37.885,62.005,51.447,3686.253
v4,2,1,1,1,disabled,7,31672.108,40378.652,50010.259,31485.361,40200.91,49640.835,1.095,1.501,1.872,22.066,38.094,64.398,51.114,3661.721
v4,2,1,1,1,enabled-ordered,7,29346.416,32923.127,48582.266,29337.405,32911.427,48562.377,0.073,0.104,1.324,30.472,42.769,78.19,45.706,2800.986
v4,2,1,1,1,enabled-unused,7,25184.195,39221.161,48726.02,25082.434,39013.148,48392.348,1.109,1.359,1.61,22.65,35.188,56.2,45.639,2814.104
v4,2,1,1,64,baseline-disabled,7,34093.679,36195.688,52308.156,33678.989,35883.306,51867.587,1.325,2.046,3.611,15.681,31.535,335.616,44.033,3119.426
v4,2,1,1,64,disabled,7,25583.581,37660.896,52582.083,25365.552,37416.223,52134.539,1.265,1.856,3.359,15.352,38.027,369.886,45.203,3246.407
v4,2,1,1,64,enabled-ordered,7,22821.463,28970.669,41678.944,22672.632,28781.218,41610.025,0.397,1.701,2.928,18.325,41.379,491.851,42.705,2996.192
v4,2,1,1,64,enabled-unused,7,21459.571,32557.458,52776.408,21359.693,32372.608,52307.012,1.221,1.753,2.888,17.898,36.416,418.633,42.109,2969.593
v4,2,1,64,1,baseline-disabled,7,16144.975,34563.571,40412.249,16026.272,33919.055,40069.481,1.471,2.15,5.497,28.817,42.811,68.434,50.717,3614.297
v4,2,1,64,1,disabled,7,17791.218,28112.227,31264.353,17619.412,28011.147,30951.055,1.283,2.203,5.48,30.284,53.698,121.541,50.128,3588.459
v4,2,1,64,1,enabled-ordered,7,9199.661,30086.627,42313.111,9162.277,29870.561,42127.744,1.039,1.974,4.434,31.648,44.448,91.345,45.798,2758.575
v4,2,1,64,1,enabled-unused,7,19539.771,34795.243,44282.289,19475.985,34601.762,43860.142,1.484,1.749,2.268,30.536,39.149,67.088,44.117,2675.41
v4,2,1,64,64,baseline-disabled,7,30938.317,35570.467,38684.742,30305.996,35018.404,38062.252,3.975,4.431,6.743,15.343,28.354,542.539,46.225,3453.388
v4,2,1,64,64,disabled,7,24259.806,32890.257,36529.531,24010.835,32428.365,35898.569,3.989,4.274,4.87,17.354,31.03,680.86,44.367,3370.814
v4,2,1,64,64,enabled-ordered,7,22054.564,27152.518,28482.748,21763.597,26676.733,28006.569,5.425,6.061,6.568,18.912,41.011,637.388,42.317,2977.586
v4,2,1,64,64,enabled-unused,7,22872.842,27729.254,29257.107,22400.892,27214.919,28789.019,5.557,6.643,9.211,19.022,38.938,653.844,42.336,2980.459
v4,2,8,1,1,baseline-disabled,7,27831.729,35760.586,36299.807,27707.628,35601.345,36083.514,1.22,1.609,1.99,139.637,646.402,1243.933,181.509,9492.413
v4,2,8,1,1,disabled,7,27684.426,36316.426,37341.384,27541.635,36062.839,37062.678,1.338,1.682,2.013,138.891,625.125,1187.266,178.45,9360.329
v4,2,8,1,1,enabled-ordered,7,31574.614,34099.88,34649.294,31566.548,34090.432,34639.365,0.072,0.081,0.104,148.771,659.664,1248.545,172.933,8478.335
v4,2,8,1,1,enabled-unused,7,27348.031,33956.137,34668.806,27225.226,33785.53,34431.544,1.429,1.649,1.987,151.947,655.265,1184.727,170.089,8354.554
v4,2,8,1,64,baseline-disabled,7,18710.794,25836.189,26338.497,18628.408,25710.096,26247.536,1.279,1.925,2.7,36.652,1329.859,5166.957,166.387,8675.744
v4,2,8,1,64,disabled,7,24868.024,26164.269,27184.403,24772.166,26016.425,27053.14,1.449,1.872,2.307,33.472,1298.729,4937.49,167.673,8912.531
v4,2,8,1,64,enabled-ordered,7,18068.276,21284.333,21744.038,18012.566,21209.425,21657.116,1.616,1.787,1.932,38.857,1655.545,6984.775,166.558,8554.663
v4,2,8,1,64,enabled-unused,7,18413.508,20344.083,22221.307,18327.801,20215.731,22119.898,2.063,2.464,3.12,44.034,2025.445,5898.511,156.684,8111.334
v4,2,8,64,1,baseline-disabled,7,28198.769,33098.997,36624.045,27992.841,32851.825,36273.848,1.559,2.273,2.636,136.544,696.243,1590.289,182.077,9516.228
v4,2,8,64,1,disabled,7,33669.259,36544.236,37986.438,33362.645,36201.012,37673.491,1.804,2.397,2.729,136.471,611.228,1124.107,180.376,9445.984
v4,2,8,64,1,enabled-ordered,7,24349.392,32640.901,34524.491,24222.975,32489.653,34414.542,0.925,1.032,2.143,155.08,670.613,1385.723,170.934,8397.289
v4,2,8,64,1,enabled-unused,7,22161.306,31852.288,35470.939,22032.246,31586.374,35169.356,1.767,2.642,2.971,151.425,664.544,1594.759,170.683,8381.876
v4,2,8,64,64,baseline-disabled,7,25808.134,27101.017,27684.432,25495.178,26762.528,27329.497,4.246,4.691,5.42,32.048,1147.194,5077.636,169.402,8984.392
v4,2,8,64,64,disabled,7,26277.086,26977.547,27811.09,25927.8,26590.037,27450.986,4.652,4.801,5.402,34.106,1015.668,4936.091,169.036,8967.336
v4,2,8,64,64,enabled-ordered,7,21167.403,21912.665,22434.112,20894.157,21613.581,22121.635,5.473,6.067,6.315,39.035,1413.535,6587.817,160.684,8291.689
v4,2,8,64,64,enabled-unused,7,21087.327,22027.393,22449.75,20818.416,21672.127,22092.077,6.125,6.829,7.442,39.64,1196.771,6228.805,157.914,8166.575
v5,0,1,1,1,baseline-disabled,7,119885.403,137004.726,148514.213,117470.928,134759.328,145222.662,1.103,1.216,1.714,6.849,13.918,17.213,25.076,2193.807
v5,0,1,1,1,disabled,7,116544.348,137907.535,148546.654,114569.036,135047.063,145719.15,1.231,1.306,1.616,6.915,14.233,19.677,25.041,2191.345
v5,0,1,1,1,enabled-ordered,7,72069.512,132602.547,136254.36,71987.606,132454.719,136109.36,0.078,0.087,0.157,7.299,14.145,17.267,22.908,1645.861
v5,0,1,1,1,enabled-unused,7,127274.058,131809.819,135290.507,124841.007,129667.369,133043.839,1.139,1.248,1.531,7.303,14.224,17.441,22.903,1645.266
v5,0,1,1,64,baseline-disabled,7,119216.655,139470.076,145418.167,117285.593,137166.963,143022.221,1.152,1.203,1.381,6.815,13.535,16.622,24.863,2165.63
v5,0,1,1,64,disabled,7,123577.878,141395.895,146982.084,121589.744,138583.507,144370.532,1.226,1.283,1.844,7.005,13.709,17.158,25.222,2215.278
v5,0,1,1,64,enabled-ordered,7,117135.699,132070.313,137845.198,117025.169,131915.749,137560.309,0.076,0.088,0.15,7.342,14.286,17.342,22.977,1651.428
v5,0,1,1,64,enabled-unused,7,123470.803,131744.115,135283.25,121470.224,129380.956,132463.535,1.198,1.386,1.662,7.327,14.394,17.481,22.985,1651.981
v5,0,1,64,1,baseline-disabled,7,135243.91,140093.459,151403.833,133039.311,136631.031,147657.651,1.225,1.618,1.808,7.054,13.446,16.653,24.562,2133.68
v5,0,1,64,1,disabled,7,144253.313,150018.022,155125.702,141253.015,146838.673,151977.737,1.203,1.389,1.472,6.745,13.395,15.993,24.425,2121.914
v5,0,1,64,1,enabled-ordered,7,125071.284,137761.717,139920.764,124517.648,137120.823,139402.879,0.265,0.316,0.355,7.301,14.228,16.842,22.538,1621.175
v5,0,1,64,1,enabled-unused,7,128018.251,135064.257,135573.187,124941.797,132191.332,133100.622,1.32,1.414,1.923,7.548,14.562,17.42,22.442,1613.463
v5,0,1,64,64,baseline-disabled,7,112280.109,128414.386,148923.625,110128.048,125933.837,146018.781,1.336,1.555,1.785,6.991,14.788,22.511,24.501,2128.039
v5,0,1,64,64,disabled,7,107754.288,140003.135,149135.801,105721.254,137327.036,146179.643,1.282,1.391,1.784,6.997,13.959,21.881,24.45,2124.133
v5,0,1,64,64,enabled-ordered,7,93687.37,127571.031,136655.759,92999.56,127098.272,136177.752,0.256,0.308,0.809,7.658,14.923,19.729,22.529,1620.626
v5,0,1,64,64,enabled-unused,7,74108.174,126780.124,140046.366,73108.482,123939.799,137365.496,1.322,1.45,2.036,7.49,15.207,20.566,22.485,1616.92
v5,0,8,1,1,baseline-disabled,7,57035.909,82735.208,95965.811,56607.954,81543.709,94741.125,1.257,1.347,1.792,30.183,341.856,902.75,56.454,4724.709
v5,0,8,1,1,disabled,7,69833.753,90461.298,99544.511,68952.812,89273.586,98207.217,1.368,1.676,1.925,32.354,302.426,674.135,57.852,4838.123
v5,0,8,1,1,enabled-ordered,7,60376.172,69367.413,87773.313,60344.784,69323.754,87693.523,0.086,0.094,0.144,37.007,405.201,1156.83,55.327,4283.538
v5,0,8,1,1,enabled-unused,7,73704.198,79343.518,96699.067,72779.382,78502.206,95409.49,1.351,1.425,1.943,33.727,322.907,898.705,55.446,4293.106
v5,0,8,1,64,baseline-disabled,7,56740.999,97696.991,99665.254,56187.511,96222.79,98300.952,1.334,1.51,2.356,30.727,328.122,731.943,54.844,4589.768
v5,0,8,1,64,disabled,7,81907.445,88211.914,102902.177,80897.719,87073.041,101443.07,1.398,1.813,2.006,30.039,296.089,711.092,55.69,4659.367
v5,0,8,1,64,enabled-ordered,7,56685.157,79276.659,90534.95,56640.827,79216.975,90466.085,0.069,0.089,0.138,33.786,335.898,818.85,54.457,4212.202
v5,0,8,1,64,enabled-unused,7,61214.569,81442.549,88630.073,60715.394,80207.716,87507.693,1.343,1.745,1.894,36.76,346.235,744.892,53.954,4170.972
v5,0,8,64,1,baseline-disabled,7,62507.534,88820.009,98946.773,61839.265,87306.26,97655.657,1.336,1.842,2.167,34.116,326.646,682.719,56.007,4690.202
v5,0,8,64,1,disabled,7,59042.126,64206.116,91570.171,58569.846,63363.207,89928.432,1.365,1.963,2.077,35.76,536.015,1271.943,55.862,4677.948
v5,0,8,64,1,enabled-ordered,7,46681.509,69708.301,80435.927,46490.626,69542.908,80218.665,0.336,0.403,0.879,35.231,385.546,1240.82,51.927,4010.631
v5,0,8,64,1,enabled-unused,7,50504.161,64687.483,92221.094,49973.995,64013.628,90893.442,1.516,1.971,2.416,35.658,422.591,1233.601,53.944,4175.872
v5,0,8,64,64,baseline-disabled,7,42121.357,57415.988,98283.104,41215.855,56749.136,97036.881,1.306,2.034,5.215,36.86,524.361,1564.737,56.323,4716.538
v5,0,8,64,64,disabled,7,20057.881,58973.276,95764.16,19863.214,58240.344,94174.454,1.447,2.133,4.886,36.636,585.615,1478.668,56.777,4753.169
v5,0,8,64,64,enabled-ordered,7,29215.869,49130.954,90404.889,29195.768,49044.118,90127.716,0.235,0.36,0.452,32.576,689.015,1558.699,53.895,4171.676
v5,0,8,64,64,enabled-unused,7,26002.199,56739.601,89625.895,25805.062,56118.032,88549.778,1.356,1.952,7.266,27.445,586.117,1633.896,54.285,4203.774
v5,1,1,1,1,baseline-disabled,7,53854.391,67746.736,83173.905,53388.407,67032.368,82347.765,1.206,1.387,1.652,13.199,22.226,34.487,38.212,4247.692
v5,1,1,1,1,disabled,7,29724.083,74617.861,78264.859,29610.329,73941.018,77491.762,1.21,1.274,1.766,12.34,20.397,38.475,38.423,4265.136
v5,1,1,1,1,enabled-ordered,7,48899.062,69997.467,73694.347,48877.192,69961.33,73617.643,0.072,0.091,0.141,13.024,22.198,36.808,33.498,3034.963
v5,1,1,1,1,enabled-unused,7,43683.615,66511.411,71346.235,43373.203,65965.253,70692.638,1.169,1.296,1.694,13.623,22.955,35.423,34.132,3086.757
v5,1,1,1,64,baseline-disabled,7,29922.405,43728.461,62814.098,29752.062,43376.52,61934.735,1.855,2.161,2.922,17.234,42.441,51.409,34.462,4874.374
v5,1,1,1,64,disabled,7,32669.846,44859.283,47919.342,32145.605,44468.307,47347.895,1.672,1.874,4.991,17.266,44.233,51.086,34.422,4871.483
v5,1,1,1,64,enabled-ordered,7,28274.062,33806.517,44103.391,28250.482,33600.611,44067.491,0.184,1.772,2.258,22.826,53.98,68.908,30.274,3814.971
v5,1,1,1,64,enabled-unused,7,31363.89,34202.853,50504.782,31189.871,33928.916,50034.838,1.778,2.297,2.559,21.973,54.7,71.456,30.387,3824.151
v5,1,1,64,1,baseline-disabled,7,27902.988,42882.139,52727.694,27703.079,42495.824,52235.147,1.769,1.962,6.033,20.315,39.802,82.917,35.251,4000.106
v5,1,1,64,1,disabled,7,35779.648,44525.728,71425.976,35291.797,44151.133,70499.239,1.552,1.905,3.863,19.325,34.55,63.407,37.012,4143.952
v5,1,1,64,1,enabled-ordered,7,27058.702,42620.888,64973.756,26979.878,42467.444,64576.192,0.235,0.947,1.531,22.008,36.711,91.727,30.595,2799.204
v5,1,1,64,1,enabled-unused,7,35285.374,39894.81,65638.756,34914.631,39472.398,64887.252,1.572,2.06,4.149,22.604,40.819,99.969,30.113,2763.015
v5,1,1,64,64,baseline-disabled,7,38775.357,44026.437,48457.961,38084.18,43135.069,47364.615,4.59,4.763,4.864,19.472,45.746,50.675,34.154,4842.52
v5,1,1,64,64,disabled,7,32704.512,43804.916,44764.718,31999.518,42925.869,43832.819,4.577,4.749,6.736,18.237,45.175,52.251,34.265,4851.67
v5,1,1,64,64,enabled-ordered,7,15975.06,33088.648,35629.735,15760.981,32450.955,34949.771,5.46,5.938,8.502,23.583,59.536,67.712,30.171,3808.452
v5,1,1,64,64,enabled-unused,7,31508.236,32849.677,34808.483,30867.673,32152.447,34048.333,5.558,6.586,6.966,23.897,62.956,69.839,30.219,3811.985
v5,1,8,1,1,baseline-disabled,7,32944.175,52045.741,54954.762,32799.588,51668.013,54544.013,1.338,1.37,1.884,62.715,547.431,1023.877,103.471,9569.59
v5,1,8,1,1,disabled,7,48051.936,53015.289,56358.218,47640.738,52467.303,55833.697,1.411,1.796,2.112,77.467,473.394,876.522,103.724,9588.448
v5,1,8,1,1,enabled-ordered,7,45765.884,49796.566,52583.191,45748.228,49776.511,52554.238,0.078,0.09,0.113,77.523,540.608,1050.957,98.413,8332.184
v5,1,8,1,1,enabled-unused,7,46856.479,50574.839,52546.582,46486.835,50124.686,52128.511,1.302,1.565,1.775,77.471,535.876,965.523,96.832,8202.647
v5,1,8,1,64,baseline-disabled,7,32596.371,33549.256,35385.84,32368.147,33303.28,35171.295,1.723,2.201,2.625,48.596,679.617,3481.652,91.966,9560.639
v5,1,8,1,64,disabled,7,31534.708,32832.702,35843.496,31286.288,32563.734,35555.307,1.668,2.306,2.668,50.245,835.873,3326.211,98.26,10075.22
v5,1,8,1,64,enabled-ordered,7,26251.217,27607.608,28098.284,26118.282,27436.764,27938.313,1.847,2.055,2.365,59.039,535.979,4101.686,92.462,8887.311
v5,1,8,1,64,enabled-unused,7,25253.427,27490.377,29261.151,25081.603,27274.514,29043.724,1.984,2.499,2.879,59.278,905.113,4439.018,94.112,9022.129
v5,1,8,64,1,baseline-disabled,7,20298.947,47538.451,53619.057,20220.055,47034.943,53123.079,1.67,1.904,2.251,72.016,531.723,1285.189,103.514,9570.833
v5,1,8,64,1,disabled,7,28055.19,42303.517,54123.617,27866.6,41963.673,53553.606,1.454,1.966,2.412,77.51,636.293,1482.096,104.166,9623.243
v5,1,8,64,1,enabled-ordered,7,13610.799,43784.433,50805.94,13539.385,43626.153,50581.627,0.605,0.818,3.875,76.428,567.603,1394.974,97.544,8263.302
v5,1,8,64,1,enabled-unused,7,28318.044,42664.612,52089.133,28164.144,42295.727,51577.667,1.665,1.903,2.059,72.619,582.179,1592.26,98.291,8327.817
v5,1,8,64,64,baseline-disabled,7,32209.228,34139.057,35077.904,31676.774,33500.008,34444.561,5.186,5.241,5.588,47.096,692.283,3651.837,97.623,10022.121
v5,1,8,64,64,disabled,7,34212.315,34726.958,35298.709,33561.563,34146.46,34703.413,4.859,5.11,6.028,49.281,547.947,2535.459,94.795,9787.901
v5,1,8,64,64,enabled-ordered,7,25062.925,26966.758,28883.504,24722.457,26567.783,28435.058,5.048,5.494,6.351,57.961,895.061,4498.18,91.055,8773.815
v5,1,8,64,64,enabled-unused,7,26829.736,27114.255,28549.899,26391.198,26630.197,28022.17,6.193,6.704,7.12,59.104,790.457,3956.014,94.469,9053.069
v5,2,1,1,1,baseline-disabled,7,38073.571,42880.159,49711.979,37855.446,42581.348,49393.385,1.06,1.461,1.636,21.974,36.221,56.349,56.305,6013.65
v5,2,1,1,1,disabled,7,38061.38,45175.892,50318.809,37900.557,44941.991,50034.845,1.086,1.127,1.423,20.738,33.629,50.917,54.506,5866.818
v5,2,1,1,1,enabled-ordered,7,42401.498,44094.804,46656.165,42385.94,44062.201,46635.152,0.08,0.086,0.167,20.63,36.452,48.713,50.539,4271.055
v5,2,1,1,1,enabled-unused,7,34723.095,43520.067,47887.172,34583.276,43269.578,47613.531,1.164,1.33,1.74,20.474,36.905,50.884,50.068,4232.193
v5,2,1,1,64,baseline-disabled,7,26211.115,27603.625,30078.873,25982.743,27398.795,29890.268,1.999,2.786,3.353,17.872,55.342,502.936,50.144,6027.12
v5,2,1,1,64,disabled,7,26478.382,27862.526,29251.957,26322.239,27575.755,29029.072,2.24,2.683,3.732,17.858,79.703,448.916,49.961,6007.347
v5,2,1,1,64,enabled-ordered,7,19601.442,20721.2,21251.343,19422.087,20557.214,21066.434,2.036,3.798,4.711,24.874,66.09,715.131,45.955,4943.942
v5,2,1,1,64,enabled-unused,7,18895.721,20317.001,21106.477,18772.485,20159.245,20940.521,2.944,3.755,4.344,24.866,67.003,656.261,45.858,4936.163
v5,2,1,64,1,baseline-disabled,7,46931.693,48334.405,50629.879,46602.231,47938.121,50214.264,1.266,1.615,1.71,19.297,32.518,43.612,55.25,5923.184
v5,2,1,64,1,disabled,7,45039.291,49684.915,53520.539,44767.746,49190.154,53114.457,1.346,1.738,2.024,19.795,30.78,42.248,53.971,5818.479
v5,2,1,64,1,enabled-ordered,7,40526.533,47159.477,49036.182,40359.986,46832.792,48790.802,1.018,1.286,1.693,19.669,33.715,43.209,50.072,4235.118
v5,2,1,64,1,enabled-unused,7,40691.85,46854.935,49685.104,40284.805,46557.892,49375.889,1.26,1.533,2.483,19.984,33.223,48.093,49.27,4170.811
v5,2,1,64,64,baseline-disabled,7,27078.962,27896.608,29027.64,26530.382,27323.537,28386.367,6.98,7.635,7.868,17.928,44.682,584.901,49.978,6012.019
v5,2,1,64,64,disabled,7,27446.961,28670.966,29148.345,26875.278,28052.006,28515.097,6.878,7.618,7.782,17.221,43.235,558.408,49.806,5998.141
v5,2,1,64,64,enabled-ordered,7,20403.307,21203.524,22228.786,19996.997,20831.245,21830.851,8.2,9.042,9.958,22.962,56.021,687.529,45.858,4938.67
v5,2,1,64,64,enabled-unused,7,20304.83,21010.19,21395.655,19831.343,20577.266,20981.631,9.222,10.013,11.758,23.175,58.651,676.243,45.845,4937.359
v5,2,8,1,1,baseline-disabled,7,29879.382,30699.744,31141.561,29688.147,30552.441,30982.087,1.402,1.57,2.178,162.198,762.738,1304.366,190.38,16966.879
v5,2,8,1,1,disabled,7,28870.624,31053.378,31448.925,28717.782,30852.535,31292.276,1.467,1.51,2.375,158.852,740.737,1307.323,190.748,16997.19
v5,2,8,1,1,enabled-ordered,7,26979.375,28111.256,28871.444,26972.18,28103.538,28864.33,0.078,0.098,0.151,172.985,824.527,1476.96,183.096,15105.555
v5,2,8,1,1,enabled-unused,7,27636.305,28691.79,29178.92,27487.26,28552.924,29054.269,1.408,1.677,1.961,176.828,803.512,1328.261,181.623,14981.635
v5,2,8,1,64,baseline-disabled,7,16651.1,19609.413,20524.936,16574.749,19500.842,20426.116,2.357,2.839,3.56,51.681,1590.45,5634.712,177.321,16411.266
v5,2,8,1,64,disabled,7,17421.368,19355.444,21118.091,17311.78,19243.078,20949.62,2.329,3.017,3.807,50.973,1656.882,5460.068,182.806,16864.781
v5,2,8,1,64,enabled-ordered,7,14283.356,15650.994,16498.607,14228.22,15582.278,16426.231,2.494,2.713,3.595,55.946,1645.497,6968.031,171.402,15190.365
v5,2,8,1,64,enabled-unused,7,13550.59,15570.043,16015.05,13490.562,15478.369,15932.765,3.224,3.603,3.887,57.016,1738.728,7581.565,174.248,15423.461
v5,2,8,64,1,baseline-disabled,7,30139.917,30945.075,31450.477,29965.202,30697.047,31204.644,1.697,2.173,2.611,161.883,764.601,1274.522,189.798,16914.517
v5,2,8,64,1,disabled,7,30515.832,31553.319,33023.951,30325.985,31293.563,32735.642,2.051,2.63,3.342,160.623,726.47,1251.804,188.352,16796.288
v5,2,8,64,1,enabled-ordered,7,27789.98,28539.888,29666.116,27706.625,28447.406,29531.574,1.082,1.211,1.535,172.8,811.948,1376.351,178.728,14748.5
v5,2,8,64,1,enabled-unused,7,27135.687,28683.714,29182.278,26936.289,28444.762,28997.281,2.084,2.728,2.928,177.896,813.183,1380.299,177.448,14643.365
v5,2,8,64,64,baseline-disabled,7,18603.902,19002.225,20562.959,18302.396,18697.953,20230.151,7.345,8.0,9.164,52.283,1741.495,5736.875,176.42,16339.202
v5,2,8,64,64,disabled,7,17588.367,20108.163,20393.117,17334.36,19804.946,20056.214,7.233,7.755,8.331,50.853,1847.08,5156.924,179.534,16597.098
v5,2,8,64,64,enabled-ordered,7,14362.484,15383.914,16005.269,14164.94,15169.36,15762.015,8.528,9.709,10.505,59.365,2046.271,6833.559,168.1,14923.837
v5,2,8,64,64,enabled-unused,7,13805.714,15229.969,16197.897,13562.101,14994.726,15937.379,9.363,10.301,13.011,59.458,2361.197,7078.061,172.258,15263.725
